,Feature,Importance
0,code_insee_region,0.7760887792812367
1,saison,0.12192933188238411
2,temperature,0.0447142084199539
5,heures,0.04170295374247772
3,jour,0.011610598214113987
4,mois,0.00395412845983396
